year,avg_positive_impact_rate,impact_responses
2023,0.7393782383419688,1930
2024,0.7335443037974684,7900
2025,0.7615942028985507,5520
2026,0.792741935483871,1240
