year,avg_training_rating,rating_responses
2023,4.322461439588689,778
2024,4.485009085402786,1651
2025,4.526438848920863,1390
2026,4.495023419203747,427
