training_band,avg_performance_score,employee_count
0h,3.426330532212885,1784
0.1-7h,3.1877133105802047,293
7-20h,3.3891213389121337,239
20h+,3.3887445887445886,1155
