year,trained_employees,completed_courses,training_hours,avg_hours_per_trained_employee,certification_rate
2023,1519,5580,41085.92,27.048005266622777,0.0
2024,1584,4117,34331.19,21.673731060606062,0.027447170269613796
2025,1539,3749,33760.19,21.936445743989605,0.004267804747932782
